{"errorExec": {"Process": "OK"}, "Performance": {"r_score": 0.95968105194313191, "predict_values": [0.01998023412553534, 0.014373017289922917, 0.3342138649249, 0.06350065711498001, 0.08320007382969, 0.22386960071989997, 0.002932418525687544, 0.002868231051522311, 0.018381831361820165, 0.02567063789679, 0.01125396872049855, 0.018283438929779332, 0.038356212870895, 0.009107572213675023, 0.0023808584500895832, 0.0011451135791621912, 0.00486493691065, 0.008268041628209998, 0.02207405611264, 0.02790439739217666, 0.038803289542625005, 0.0052215710929535, 0.022027806834736666, 0.016554166025159998, 0.03321696456669, 0.02351346006234, 0.0158245707427375, 0.2691110587914, 0.210175693802, 0.23591244557330002, 0.1532922997303, 0.19940397108698, 0.2675572074704, 0.11122001875327, 0.210175693802, 0.004434468093914371, 0.003335848038532401, 0.10851325966532599, 0.06825854178906701, 0.09924184692491599, 0.08216675944441001, 0.02618107996341167, 0.0017672104388518346, 0.0019300212512957091, 0.0019300212512957091, 0.0224230223891, 0.030762651410336333, 0.013870617322335166, 0.017968419317848504, 0.001870635420961415, 0.0011024461160997275, 0.023403963809046666, 0.12287948361877002, 0.006469844849794, 0.0469939210887, 0.06331640809188001, 0.00528225183775, 0.011503730748600002, 0.01680557483514, 0.024344849220538332, 0.050724025976609986, 0.03308997121176667, 0.03475978394910766, 0.034436485141619164, 0.021243878146067662, 0.0237751579399125, 0.012689661948343551, 0.013565398946337714, 0.0014747349068879047, 0.0024671040991899604, 0.0019052737458610052, 0.03949622818104, 0.05666517613872167, 0.04741547559511667, 0.045413579099556664, 0.05302431578186667, 0.004159148688162458, 0.00203378894786925, 0.004392320936334875, 0.006084830825108323, 0.0055493127463890225, 0.008418524353797389, 0.007198721770595889, 0.0, 0.00039011777239155, 0.009690230321652001, 0.004927166409727001, 0.016157022429054, 0.0, 0.00028370886545475, 0.004692061050105247, 0.002826054200916733, 0.000144542036315, 0.0005990273482065, 0.010035593978478998, 0.003372584166388, 0.009481886519257502, 0.012904954710445582, 0.0012821843648181577, 0.001279461879146484, 0.0013578665958468386, 0.047186963874268996, 0.11946042265905002, 0.11102596447260002, 0.13689992132, 0.11741282133488, 0.12634487807869, 0.0038016313674806334, 0.004647547058962878, 0.001641541764955065, 0.005142716195682501, 0.0038003878719328524, 0.004334324035773438, 0.00819498223556325, 0.052362459508999995, 0.11548668749284999, 0.05877339526441, 0.11797142409997, 0.05625273278549, 0.049741922300218, 0.018068812426024, 0.13188163134074501, 0.016302826860969, 0.1483997115981, 0.15003117101603, 0.014306204617089998, 0.047546170409198, 0.13550018781317, 0.02706627572278466, 0.11998215560165, 0.04697119448094266, 0.017355268073719003, 0.03161063913365501, 0.039031302808528005, 0.0024046000710331874, 0.005027586707954499, 0.08107180856046, 0.033739291315461495, 0.061733637604375, 0.03794683371384, 0.050071025815332494, 0.02245447833343, 0.03396659226752917, 0.10648516581749998, 0.04432676181496, 0.05417404233597001, 0.017543254696846665, 0.015205574031102665, 0.003717847758068787, 0.0013858728091663821, 0.0012352445977986924, 0.003265572914579558, 0.0028974536120419214, 0.0013935564413627185, 0.0035007284321193544, 0.005025503063625119, 0.028110702326365, 0.024385199928458334, 0.025075677926893004, 0.023915168517425332, 0.019830183834185, 0.024090093687635, 0.039429290721170004, 0.0029845632308099896, 0.0012989580667645529, 0.0017084832160245557, 0.006160321773065876, 0.0050035031299620145, 0.003526477952970169, 0.08854967672393999, 0.08732808892259, 0.11870477564094999, 0.0023974769504739235, 0.08652800629946, 0.05837564638507999, 0.06244356053101665, 0.04439678049221, 0.1899024350184, 0.007781077484160889, 0.007947639399770556, 0.003619153596606855, 0.003619153596606855, 0.004121452050445165, 0.0033329463233648083, 0.02747924657005, 0.037456383349925, 0.02259819208555, 0.0002890348962689214, 0.0024328965449859, 0.002165783666013695, 0.002172161565252445, 0.002172161565252445, 0.002172161565252445, 0.008374595466487507, 0.00744074359824815, 0.007679074030647765, 0.008691588767606805, 0.007347319854915357, 0.007779530046226333, 0.008402422399176856, 0.0005472349390470001, 0.00027693942301900006, 0.0007327061196249576, 0.00022094044751452, 0.009057149902055793, 0.005724319370159792, 0.021164253323909168, 0.017797136882502666, 0.016830985979806, 0.025700030008875163, 0.012985538459313004, 0.004850696850351853, 0.006488225377435786, 0.011109770339059641, 0.010254154276351932, 0.006662354530319083, 0.007506607529712714, 0.01078712404281964, 0.016840462097929998, 0.013258082395722001, 0.012899772821456415, 0.0040068159006013855, 0.0073182635238491665, 0.005650773877416117, 0.0021815651854758243, 0.00297410106986323, 0.0014154908878443698, 0.0011412127144172857, 0.0007705503929514107, 0.019050019069067416, 0.0026582832849699257, 0.010502562596834, 0.011274047446347166, 0.008654099190265585, 0.00344613328987346, 0.001613011302117357, 0.006525384710273, 0.0025419784691103273, 0.0037689627757477168, 0.005908394403125104, 0.026369548745033333, 0.025889610257396667, 0.019236044335602664, 0.02533526987696667, 0.004838532841784847, 0.00408379622186313, 0.004331825268805834, 0.0017971066505999167, 0.0025462163465538533, 0.004411201547227533, 0.0069484984512241665, 0.008299946687932044, 0.003482359144797853, 0.0025107019663586664, 0.002694587647665067, 0.0022230803460408836],