{"errorExec": {"Process": "OK"}, "Performance": {"r_score": 0.9184154930964018, "predict_values": [0.016339381356259137, 0.016339381356259137, 0.375303350019, 0.044749602678417724, 0.05567693744124382, 0.2516171751156251, 0.007284673863111397, 0.007284673863111397, 0.016339381356259137, 0.01816954280155548, 0.016339381356259137, 0.016339381356259137, 0.036720493106781826, 0.009291956305525, 0.007284673863111397, 0.007284673863111397, 0.036720493106781826, 0.046021106448372984, 0.036720493106781826, 0.032323108020951064, 0.045626498032938737, 0.018105114937704062, 0.044749602678417724, 0.044749602678417724, 0.044749602678417724, 0.044749602678417724, 0.016339381356259137, 0.2418928211649473, 0.20293524423642859, 0.2516171751156251, 0.13470275160604164, 0.2418928211649473, 0.2558281746205, 0.0674002737261842, 0.20293524423642859, 0.007284673863111397, 0.007284673863111397, 0.09121781830634287, 0.045626498032938737, 0.09121781830634287, 0.08189040704535491, 0.01875647644640625, 0.007284673863111397, 0.007284673863111397, 0.007284673863111397, 0.016339381356259137, 0.018105114937704062, 0.007284673863111397, 0.016339381356259137, 0.007284673863111397, 0.007284673863111397, 0.046021106448372984, 0.04901584801710834, 0.016339381356259137, 0.044749602678417724, 0.031960152802118176, 0.044749602678417724, 0.045626498032938737, 0.044749602678417724, 0.016339381356259137, 0.08219655069262878, 0.016339381356259137, 0.01816954280155548, 0.045626498032938737, 0.044749602678417724, 0.044749602678417724, 0.007284673863111397, 0.009291956305525, 0.007284673863111397, 0.007284673863111397, 0.007284673863111397, 0.04901584801710834, 0.046021106448372984, 0.04901584801710834, 0.04901584801710834, 0.04901584801710834, 0.009291956305525, 0.007284673863111397, 0.007284673863111397, 0.009291956305525, 0.009291956305525, 0.009291956305525, 0.009291956305525, 0.007284673863111397, 0.007284673863111397, 0.01875647644640625, 0.01816954280155548, 0.01875647644640625, 0.007284673863111397, 0.007284673863111397, 0.007284673863111397, 0.007284673863111397, 0.007284673863111397, 0.007284673863111397, 0.009291956305525, 0.007284673863111397, 0.016339381356259137, 0.016339381356259137, 0.007284673863111397, 0.007284673863111397, 0.007284673863111397, 0.036720493106781826, 0.09121781830634287, 0.09121781830634287, 0.1174977728251263, 0.09121781830634287, 0.1174977728251263, 0.007284673863111397, 0.007284673863111397, 0.007284673863111397, 0.007284673863111397, 0.007284673863111397, 0.007284673863111397, 0.007284673863111397, 0.036720493106781826, 0.08189040704535491, 0.036720493106781826, 0.09121781830634287, 0.036720493106781826, 0.036720493106781826, 0.018105114937704062, 0.1174977728251263, 0.007284673863111397, 0.12560383847460715, 0.12560383847460715, 0.032323108020951064, 0.044749602678417724, 0.1774539604404167, 0.036720493106781826, 0.13470275160604164, 0.04901584801710834, 0.016339381356259137, 0.044749602678417724, 0.045626498032938737, 0.007284673863111397, 0.009291956305525, 0.045626498032938737, 0.01816954280155548, 0.036720493106781826, 0.04901584801710834, 0.04901584801710834, 0.044749602678417724, 0.04901584801710834, 0.053937593837100006, 0.04901584801710834, 0.04901584801710834, 0.044749602678417724, 0.036720493106781826, 0.007284673863111397, 0.007284673863111397, 0.007284673863111397, 0.007284673863111397, 0.007284673863111397, 0.007284673863111397, 0.007284673863111397, 0.007284673863111397, 0.018105114937704062, 0.018105114937704062, 0.018105114937704062, 0.011065611921426848, 0.018105114937704062, 0.018105114937704062, 0.04988564519609232, 0.007284673863111397, 0.007284673863111397, 0.007284673863111397, 0.007284673863111397, 0.007284673863111397, 0.007284673863111397, 0.0674002737261842, 0.0674002737261842, 0.13470275160604164, 0.007284673863111397, 0.05567693744124382, 0.046021106448372984, 0.04901584801710834, 0.04901584801710834, 0.18637095092540001, 0.007284673863111397, 0.007284673863111397, 0.007284673863111397, 0.007284673863111397, 0.007284673863111397, 0.007284673863111397, 0.016339381356259137, 0.016339381356259137, 0.016339381356259137, 0.007284673863111397, 0.007284673863111397, 0.007284673863111397, 0.007284673863111397, 0.007284673863111397, 0.007284673863111397, 0.007284673863111397, 0.007284673863111397, 0.007284673863111397, 0.007284673863111397, 0.007284673863111397, 0.007284673863111397, 0.007284673863111397, 0.007284673863111397, 0.007284673863111397, 0.007284673863111397, 0.007284673863111397, 0.007284673863111397, 0.007284673863111397, 0.016339381356259137, 0.016339381356259137, 0.016339381356259137, 0.018105114937704062, 0.009291956305525, 0.007284673863111397, 0.007284673863111397, 0.007284673863111397, 0.007284673863111397, 0.007284673863111397, 0.007284673863111397, 0.007284673863111397, 0.007284673863111397, 0.007284673863111397, 0.007284673863111397, 0.007284673863111397, 0.007284673863111397, 0.007284673863111397, 0.007284673863111397, 0.007284673863111397, 0.007284673863111397, 0.007284673863111397, 0.007284673863111397, 0.016339381356259137, 0.007284673863111397, 0.007284673863111397, 0.007284673863111397, 0.007284673863111397, 0.007284673863111397, 0.007284673863111397, 0.007284673863111397, 0.007284673863111397, 0.007284673863111397, 0.007284673863111397, 0.044749602678417724, 0.044749602678417724, 0.044749602678417724, 0.044749602678417724, 0.007284673863111397, 0.007284673863111397, 0.007284673863111397, 0.007284673863111397, 0.007284673863111397, 0.007284673863111397, 0.007284673863111397, 0.007284673863111397, 0.007284673863111397, 0.007284673863111397, 0.007284673863111397, 0.007284673863111397],