{"silhouette_score": 0.46542187256048911, "membersGroup": {"Group1": 52, "Group0": 156, "Group3": 14, "Group2": 34}, "Params": {"Number K": "4"}, "calinski_harabaz_score": 198.08196383176562, "algorithm": "K Means"}