{"errorExec": {"Process": "OK"}, "Performance": {"r_score": 0.87797862155603645, "predict_values": [0.008909192851239998, 0.00504767398123, 0.305791617875, 0.03773973338165, 0.0709764800661, 0.1298817585425, 0.003364871588445, 0.0015247505788900002, 0.01079517087776, 0.012524670344750001, 0.0157067967699, 0.015036367651900001, 0.018114214110904997, 0.013232318249349999, 0.0028627281423849998, 0.0013659261540899998, 0.0, 0.0, 0.08301772153, 0.01839413916135, 0.029695260526450003, 0.03773973338165, 0.0231422905251, 0.017686194363699996, 0.0227237090238, 0.0227237090238, 0.01556124369435, 0.317006513051, 0.210175693802, 0.305791617875, 0.140148735599, 0.31654431074050005, 0.252419752657, 0.140148735599, 0.210175693802, 0.00411970504188, 0.0031048433804, 0.0976171685151, 0.0558006252602, 0.10922304463265001, 0.10754418218015, 0.0266630095873, 0.005185821176865, 0.00184778633169, 0.00184778633169, 0.0119984763408, 0.020049052619390002, 0.01556124369435, 0.012129546930925002, 0.001006566759243, 0.006161706919709999, 0.04012776460395, 0.05314642548265, 0.004331711809445, 0.1298817585425, 0.0, 0.0, 0.0, 0.013520667720099999, 0.019611431464150002, 0.08657222391925, 0.018590059403445, 0.03327230888235, 0.02757870513475, 0.031096173022349998, 0.02757870513475, 0.01665030841725, 0.0093339863249, 0.0011285533187195, 0.0015589647563250002, 0.00154855399174, 0.0476893422069, 0.03064562421255, 0.07741633665325001, 0.0709764800661, 0.03064562421255, 0.00227842017093, 0.00217081242742, 0.00233382050058, 0.00504767398123, 0.00710178826374, 0.007320162029570001, 0.007320162029570001, 0.00113977912975, 0.00189839258151, 0.011969146960334999, 0.01158122559326, 0.0401659980331, 0.00042265940485350004, 0.00183483261129, 0.0038926112105449997, 0.003466864976405, 0.000716654400245, 0.003579920332695, 0.007225119357435, 0.005452261751845, 0.018182537679740002, 0.0027244664282200003, 0.0008600995617290001, 0.001006566759243, 0.0011069269905544998, 0.045219876149, 0.10754418218015, 0.1210873660525, 0.1387513211595, 0.1210873660525, 0.1387513211595, 0.00512382141241, 0.0068116905298150005, 0.00081239585053, 0.018590059403445, 0.00297901167345, 0.003250731807975, 0.00512382141241, 0.028088988928245, 0.128297153097, 0.0436435657313, 0.08657222391925, 0.031107878754195, 0.0444720882031, 0.01000496715705, 0.1453822148495, 0.01030010969796, 0.1453822148495, 0.14203637305400002, 0.01158122559326, 0.034416682421599995, 0.11641706984410001, 0.020369370953749997, 0.204579950247, 0.05648305732445, 0.01164732693134, 0.0379893884513, 0.0379893884513, 0.00202924824662, 0.00155966887167, 0.05792796828235, 0.0263597276062, 0.0933917946501, 0.04632678768915, 0.030623116141249997, 0.028595347303500003, 0.02645501553185, 0.057695429318350006, 0.05195656581750001, 0.05195656581750001, 0.01843828038905, 0.030543030505049997, 0.000815614385185, 0.0017520848170349999, 0.001296682858575, 0.0018201772356100003, 0.007225119357435, 0.0015589647563250002, 0.00184170833005, 0.00297901167345, 0.02008314876935, 0.01886204715505, 0.0558006252602, 0.031657741628, 0.010585904571770001, 0.01886204715505, 0.08740411007675, 0.0034503984003000005, 0.0022842421127014997, 0.00241987407779, 0.007091292162394999, 0.0076483384582199995, 0.00318842984952, 0.09583378426525, 0.09583378426525, 0.11412649911549999, 0.001185040693493, 0.07741633665325001, 0.04012776460395, 0.05648305732445, 0.031096173022349998, 0.1848341203225, 0.004331907918625, 0.004880411936615, 0.003786820913685, 0.0022842421127014997, 0.003786820913685, 0.00161421566548, 0.03243810795945, 0.018574683131154998, 0.03243810795945, 0.000815614385185, 0.001854002834815, 0.0015322263840435, 0.0015520543828834998, 0.0038919047052000002, 0.00111855737718, 0.004804954231604999, 0.00856446760155, 0.00856446760155, 0.005950285968804999, 0.004670232860081501, 0.0066750711608, 0.00500445731334, 0.00042265940485350004, 0.0, 0.0, 0.0, 0.004772644391815, 0.004133721665415001, 0.0266630095873, 0.0157067967699, 0.013232318249349999, 0.021239034853749998, 0.01164961609655, 0.006491717685445, 0.008403122451545, 0.006161706919709999, 0.008298526811480002, 0.0064788253471, 0.004832582593205, 0.005928301250329999, 0.0263597276062, 0.013374354051249999, 0.013824759717299998, 0.0066750711608, 0.00349198260932, 0.00102517999209, 0.00440674568885, 0.0016928775710785, 0.0015520543828834998, 0.0, 0.000815614385185, 0.0135036152924, 0.003250731807975, 0.00714879611165, 0.0089895047522, 0.007381117534635001, 0.0019521652512450001, 0.001296682858575, 0.007080232567525, 0.004804954231604999, 0.00595692382978, 0.007783800474354999, 0.0259338568164, 0.0222863449263, 0.01980168494615, 0.0222863449263, 0.00289912724199, 0.008298526811480002, 0.00714879611165, 0.00102517999209, 0.0011069269905544998, 0.0034503984003000005, 0.031399342522335, 0.031107878754195, 0.006491717685445, 0.0016928775710785, 0.0051040742980599995, 0.001733512036225],