{"errorExec": {"Process": "OK"}, "Performance": {"r_score": 0.96967135195889997, "predict_values": [0.008790305992461937, 0.00788191426543557, 0.32604894983965976, 0.05152478717425986, 0.09543395814395601, 0.21853300994323205, 0.003561229106404557, 0.00364862948784784, 0.023988532701461385, 0.02755475884743655, 0.012912008480797566, 0.018136278235265643, 0.03472509903608347, 0.010689814210736606, 0.0021642004371439766, 0.0014109609665492293, 0.012838919845490999, 0.011726594787771, 0.039303625388003006, 0.03474030117670327, 0.05129459029998998, 0.018582523483902935, 0.02135653484351644, 0.021463499936399046, 0.027391552175865336, 0.02097620596880033, 0.01445697655002168, 0.24408004557404017, 0.20738091899532013, 0.23393088317367994, 0.14567834013859204, 0.20193584059146594, 0.2586602039914599, 0.1166102913178419, 0.20738091899532013, 0.004835261453585431, 0.0032923860071793682, 0.09766283045374044, 0.08341651618213133, 0.09967378273963844, 0.08580317165352405, 0.026471074786478598, 0.002175884831792212, 0.0019390067806913526, 0.0019390067806913526, 0.021148226985278788, 0.031650386440947316, 0.013548802442197402, 0.01911965380031069, 0.0015194346157937613, 0.0017068359323983181, 0.027930930838605237, 0.07620252894293804, 0.0195113672394654, 0.04811346285364, 0.01698965976683, 0.015651071347220002, 0.007906340440417998, 0.02673035327052119, 0.019858193661749398, 0.04807761318996701, 0.031358787533963414, 0.03409082200469508, 0.03274354191982502, 0.021761405647540085, 0.029515382197875622, 0.012465622299237322, 0.016584588930579517, 0.0021645088004731694, 0.001928766185595478, 0.0018530818410436144, 0.03407304721655674, 0.038232730529259316, 0.04373844647989531, 0.03301057790914785, 0.03211335490358701, 0.0070500071134188295, 0.0024319991786112068, 0.004653420416491946, 0.006962679284818262, 0.006787017809562759, 0.007067945426898746, 0.0069930583718905955, 0.0007027272450650246, 0.003032256035282514, 0.0114248951787168, 0.008127678153729652, 0.013479607700804957, 0.0010460911959763036, 0.0005627675419237742, 0.006518958420082837, 0.0029439183347602952, 0.0007564550336374787, 0.0011679973688139007, 0.009676037913140699, 0.005612610513353159, 0.006909875865130073, 0.01609208932319376, 0.0010667197849757262, 0.0011179116008558634, 0.0011320700039759689, 0.04721064012226266, 0.11233468498734057, 0.11917161588359793, 0.1276030215547219, 0.11559742003438528, 0.12780352342208198, 0.0027539913142083654, 0.0023338492607707893, 0.0017763957324167007, 0.006370131002851799, 0.0039248683598658825, 0.004559902664600063, 0.00969874053437414, 0.04697969788895263, 0.09922563101178301, 0.056083907751224654, 0.11474680661213595, 0.05122936200838802, 0.04927808892495034, 0.030678006663369537, 0.13249374503970568, 0.015671877516452958, 0.1349279108045776, 0.14803149710008687, 0.02588860815355968, 0.043847895789378616, 0.12583203537567744, 0.03498078035904253, 0.11978892162383206, 0.045433343705062045, 0.017003231023941866, 0.04303615963845579, 0.043295434724736175, 0.003469480534194776, 0.006675307255565886, 0.07022850156158934, 0.03496555325658214, 0.062913431684744, 0.04764554574807841, 0.04962967609707402, 0.01744281625419301, 0.03555526576720649, 0.07535187398828604, 0.04120024019192842, 0.057770209631654426, 0.02118108847293192, 0.025198637083038995, 0.0025731329831425852, 0.002333078487920083, 0.0018370404673476613, 0.001945528438473096, 0.0024370358064006014, 0.001507254840195637, 0.0037787062967380037, 0.004375739394398726, 0.02488851343302124, 0.022691005906585713, 0.025148757276270833, 0.012534722038980728, 0.019869943735695558, 0.02146669624522037, 0.05654207745333136, 0.0017158867528406746, 0.0012694456219366956, 0.00405252088553992, 0.004496012518884309, 0.004541084755292578, 0.0035793115524709322, 0.09215705878541598, 0.09757807418682195, 0.11075437122556009, 0.0029473606010272276, 0.09481557466077332, 0.05813589032859131, 0.05955964592020197, 0.05595776838231382, 0.1729199249848001, 0.006850884585899354, 0.008150358586656158, 0.0034746410622585595, 0.0034279623657361095, 0.0034112259909184366, 0.003181479557633046, 0.031236505229886313, 0.031505669877131326, 0.027350051503970928, 0.0009123696577460697, 0.002148121064707173, 0.0021736203812774534, 0.002207515520556773, 0.0024202826798808623, 0.0021326579791652385, 0.006610653358906447, 0.006978233270514603, 0.007878782653309426, 0.008722057621254553, 0.006468685386774112, 0.008513605803321318, 0.007427926893493928, 0.001051583144190421, 0.00042213452000167546, 0.0007863412480345705, 0.00054604165176758, 0.0068545946331918526, 0.007421502399485714, 0.023427378645051143, 0.018629555390431783, 0.014713153731921195, 0.025621926369654477, 0.011616431715035671, 0.005983427377519195, 0.007607478969909176, 0.010026860349880026, 0.010732143663893952, 0.008135265741537981, 0.0065355474537269085, 0.009575093902740427, 0.015135968719274077, 0.013730063901821304, 0.021961619503439028, 0.004754753502478701, 0.007941624578271946, 0.003631726742229853, 0.003256991726814474, 0.0018535614187351653, 0.0014849583364683252, 0.0025680867995816143, 0.0024128685786430166, 0.013111376562224206, 0.0024153106986932295, 0.01257134808245225, 0.013977270402401041, 0.010044437360388025, 0.0024380157932027647, 0.002207533133515196, 0.00599443008517135, 0.002976633601212338, 0.0034043485593144903, 0.005240217872521008, 0.032337534795987354, 0.0283425964040644, 0.0220272089973531, 0.02807640798848774, 0.00427430739825161, 0.003265883281624289, 0.003878008222175906, 0.002687888201214574, 0.001782772888269313, 0.004525190922434428, 0.0066862373581423155, 0.007018102100740518, 0.004341625975781585, 0.00278211955249264, 0.0026499437623236964, 0.001490984429640543],