{"errorExec": {"Process": "OK"}, "Performance": {"r_score": -0.7512091354083914, "predict_values": [0.07120246542145825, 0.021504848742476934, 0.021504848742476934, 0.1299696217807127, 0.1416516928838718, 0.021504848742476934, 0.021504848742476934, 0.021504848742476934, 0.09302769793047094, 0.054264482519385426, 0.13854254817770073, 0.11786197159990741, 0.021504848742476934, 0.15080163636797117, 0.021504848742476934, 0.057706960696395804, 0.021504848742476934, 0.021504848742476934, 0.021504848742476934, 0.021504848742476934, 0.021504848742476934, 0.14772994387002458, 0.021504848742476934, 0.021504848742476934, 0.021504848742476934, 0.04978230708034914, 0.10304732203783895, 0.021504848742476934, 0.021504848742476934, 0.021504848742476934, 0.021504848742476934, 0.021504848742476934, 0.021504848742476934, 0.021504848742476934, 0.021504848742476934, 0.021504848742476934, 0.030430314966664485, 0.021504848742476934, 0.021504848742476934, 0.021504848742476934, 0.021504848742476934, 0.12528640897341425, 0.07790460374839903, 0.07117611293473058, 0.07117611293473058, 0.07342299565082322, 0.021504848742476934, 0.10574888031159291, 0.0747973177454544, 0.03953874691594472, 0.021504848742476934, 0.021504848742476934, 0.021504848742476934, 0.021504848742476934, 0.021504848742476934, 0.021504848742476934, 0.021504848742476934, 0.021504848742476934, 0.10185794274337878, 0.07385448799407168, 0.021504848742476934, 0.0349142403429632, 0.02594517209201408, 0.021504848742476934, 0.03050115979775181, 0.021504848742476934, 0.12412851112271661, 0.09013287789174806, 0.05554159204219755, 0.03358111541749631, 0.03340368974068819, 0.09653125463259604, 0.021504848742476934, 0.03832195518375614, 0.11099653772271578, 0.035982666791339435, 0.05764855535782831, 0.029950465751030775, 0.021504848742476934, 0.021504848742476934, 0.021504848742476934, 0.021504848742476934, 0.021504848742476934, 0.024528657672306498, 0.021504848742476934, 0.07435073464363162, 0.17541860852429036, 0.10314686637939685, 0.043562682642396044, 0.021504848742476934, 0.021504848742476934, 0.0494793265436102, 0.05613002497147357, 0.09760354624339262, 0.021504848742476934, 0.08752973739667502, 0.025460660772757437, 0.021504848742476934, 0.04612875025833585, 0.042569711567458146, 0.059197905895848724, 0.10231606664842019, 0.021504848742476934, 0.021504848742476934, 0.021504848742476934, 0.021504848742476934, 0.021504848742476934, 0.021504848742476934, 0.021504848742476934, 0.021504848742476934, 0.04665333398605753, 0.11633843190650728, 0.07855824898745745, 0.021504848742476934, 0.07177073227880926, 0.021504848742476934, 0.06428611830784114, 0.021504848742476934, 0.06081467477791813, 0.07940200720832413, 0.021504848742476934, 0.021504848742476934, 0.1619619980080491, 0.021504848742476934, 0.021504848742476934, 0.15435044011771604, 0.026498901086332127, 0.021504848742476934, 0.13168951586278266, 0.021504848742476934, 0.021504848742476934, 0.11759875179308654, 0.021504848742476934, 0.021504848742476934, 0.10791678330606347, 0.05561141231030953, 0.021504848742476934, 0.09165363448992014, 0.021504848742476934, 0.021504848742476934, 0.021504848742476934, 0.021504848742476934, 0.021504848742476934, 0.021504848742476934, 0.021504848742476934, 0.021504848742476934, 0.021504848742476934, 0.021504848742476934, 0.021504848742476934, 0.03674811258506083, 0.06693267238107081, 0.027880354345052094, 0.021504848742476934, 0.034104257378751335, 0.0508391285112082, 0.1127368233710353, 0.021504848742476934, 0.021504848742476934, 0.021504848742476934, 0.06319974247399229, 0.043288573224171456, 0.021504848742476934, 0.021504848742476934, 0.027969976606599056, 0.021504848742476934, 0.021504848742476934, 0.030529613303522884, 0.023567198029247782, 0.048246721910027324, 0.021504848742476934, 0.021504848742476934, 0.021504848742476934, 0.04301343115827061, 0.021504848742476934, 0.021504848742476934, 0.021504848742476934, 0.033823055419778036, 0.021504848742476934, 0.03411703059969007, 0.041160461211649846, 0.021504848742476934, 0.021504848742476934, 0.021504848742476934, 0.04199275141922132, 0.047990969692481844, 0.05527035572806005, 0.054212875588185216, 0.021504848742476934, 0.025220071574506342, 0.038438536482415575, 0.034617069451597704, 0.021504848742476934, 0.028644790558965738, 0.08633834952227937, 0.08073655234160682, 0.08197176527100924, 0.04049778343915067, 0.021504848742476934, 0.021504848742476934, 0.021504848742476934, 0.05135447934753201, 0.028189648769419318, 0.021504848742476934, 0.02879236343267033, 0.03094964205212758, 0.02210434805557626, 0.11097403692257712, 0.13880478583079303, 0.15818499838015332, 0.10316417337525463, 0.15439430309964663, 0.06583473007825802, 0.07690145512044455, 0.021504848742476934, 0.021504848742476934, 0.04006860053287409, 0.06871094335359618, 0.021504848742476934, 0.10664850305112994, 0.14315534426786303, 0.05138506088703987, 0.021504848742476934, 0.025795625943806577, 0.06805281752947456, 0.09534947648431613, 0.050915702444887634, 0.03795811650663161, 0.021504848742476934, 0.021504848742476934, 0.021504848742476934, 0.08518673034598234, 0.0627063093513136, 0.021504848742476934, 0.07314998696544306, 0.0329880370742921, 0.06832366983459726, 0.021504848742476934, 0.08293943340160226, 0.07671320044380536, 0.0280987254845535, 0.021504848742476934, 0.021504848742476934, 0.021504848742476934, 0.021504848742476934, 0.09372631175558621, 0.021504848742476934, 0.06046374310387548, 0.06799330977100881, 0.060995368541358674, 0.027358154947436653, 0.06636829610199313, 0.07822200416645209, 0.07242816127451257, 0.05309916385621771, 0.08448451607020968, 0.025333818155030663],