{"errorExec": {"Process": "OK"}, "Performance": {"r_score": -1.4295610653542621, "predict_values": [0.09964531769208365, 0.1001626640807445, 0.10738179439361531, 0.0999616784110178, 0.10031855396035508, 0.10627670592498187, 0.09904851642540516, 0.0991750206632658, 0.09856329678301182, 0.09873504997635676, 0.09860052287308377, 0.09864431490891548, 0.09902765582988518, 0.09863181676191105, 0.0988802746446619, 0.09857170725877565, 0.1040401278307457, 0.10402745761689605, 0.10068112556769085, 0.10534749038937721, 0.10435740444297317, 0.0995521462204361, 0.10102954697653468, 0.10445384194403887, 0.10065205214327202, 0.0999752047613243, 0.09859909391428348, 0.10782403101851726, 0.1076455427645592, 0.10813158169611106, 0.10446059276866984, 0.1068651626064501, 0.10765550131413995, 0.10466047959700622, 0.1076455427645592, 0.09942054440631201, 0.09877029924296002, 0.10161944376019186, 0.09999354847214417, 0.10055857673942806, 0.10037259506256715, 0.09890728619869152, 0.09850062891694736, 0.09855646803497456, 0.09855646803497456, 0.0986646946675808, 0.09962935645882945, 0.09860538025599533, 0.09861252262535938, 0.09866705115087762, 0.09885254281481884, 0.1055171782584913, 0.10559190534769738, 0.09926242531300447, 0.10600320369994223, 0.1052849070628065, 0.10342849977250615, 0.10413512536543315, 0.10093567874438816, 0.09879859748101363, 0.10178448785145336, 0.09900079362115624, 0.09918850725338516, 0.10557200044525819, 0.10132276253393549, 0.10523343461330373, 0.09847182525599987, 0.09853050355248463, 0.09865733629378096, 0.09873520710034281, 0.09873859212259631, 0.10051525830020916, 0.10225833305430135, 0.10175406122044398, 0.10091379093409805, 0.10163824568771598, 0.09867832297831128, 0.09871042309532099, 0.09928851556955567, 0.10012794651254045, 0.10027342728256475, 0.1005211500933271, 0.10055282299991067, 0.09880469295802832, 0.09889688798710908, 0.10058825009409225, 0.09910396301365756, 0.09994434706049807, 0.09865749694701112, 0.09889655696725344, 0.09974557462579384, 0.09864204615973962, 0.09863554024826662, 0.09849562219677802, 0.09923502097475537, 0.09851459473807614, 0.09887193094921978, 0.09920377673968164, 0.09866923309682632, 0.09868179563188009, 0.09859302419272722, 0.09860921820190496, 0.10007242721486001, 0.10043215794747098, 0.10118987819241312, 0.0997701918896167, 0.1009008056927482, 0.09947524667457644, 0.09912831861753915, 0.09895523827773559, 0.09874385794106158, 0.0985197576657342, 0.09866124009740776, 0.0995972199655665, 0.09914484973598262, 0.10154495223860274, 0.09904691483967301, 0.10233278009093297, 0.09913584675841983, 0.09904556544242807, 0.09905555462611973, 0.10345838317934, 0.09904509083581228, 0.10341679789939287, 0.10249600158049968, 0.09911769295289832, 0.10066897364988339, 0.10011759839694626, 0.09952297056863726, 0.10723058088540763, 0.1036512831103639, 0.09859853714150627, 0.0993706509776047, 0.09929498396168948, 0.09861326932860895, 0.0987740101261855, 0.09950239955870391, 0.09873205337268245, 0.09930233775811972, 0.10395659629587053, 0.10541800200715282, 0.10323971148149338, 0.10486586423670599, 0.10399575869659264, 0.10438397539398428, 0.10333061918205358, 0.1045367906755981, 0.1015908637928227, 0.09931967532621602, 0.09884825617902152, 0.09863917867555552, 0.09880121677340806, 0.09925428754966462, 0.09874374044496428, 0.09882588970709952, 0.09846048786560138, 0.09951424285112545, 0.09942611727636877, 0.09985740522622191, 0.0993245410628745, 0.09918297756312158, 0.09948341053009616, 0.1060957189285047, 0.0988215789959305, 0.09891443960491977, 0.09931878356103321, 0.0988235508957688, 0.0988274347165127, 0.098631715097412, 0.10606645858112076, 0.10607401963280486, 0.10587397174275373, 0.09871148644817954, 0.10211355362481603, 0.10567937572630318, 0.1039547913842527, 0.10182949766677932, 0.10787820703253828, 0.09887165312430327, 0.09881290804538814, 0.09900345069634756, 0.09890552492323093, 0.09899807165343691, 0.09870518117862673, 0.09876560032137874, 0.09850853987980304, 0.0987629239539756, 0.09921393060320852, 0.09883693724353718, 0.09877013355822531, 0.09879580056222106, 0.09889193011033506, 0.09882938050519499, 0.09856419355961402, 0.09854957428027114, 0.09854669991006607, 0.09872278757377287, 0.0989601590560393, 0.09958212535576474, 0.09899438501104155, 0.09871557584350824, 0.09884737920297362, 0.09921517256799176, 0.0988588598371575, 0.09929121258571552, 0.09925298863946577, 0.09875073033876916, 0.09862741890277629, 0.0985443968683827, 0.09868724638915052, 0.09871309937130571, 0.09864027612288453, 0.09861756922334733, 0.09890960447987321, 0.09963893718883113, 0.09878533593669728, 0.09861944569733852, 0.09884498398302669, 0.09881060720656634, 0.09855777290348736, 0.09899310129459085, 0.09956784893836382, 0.09903579488218897, 0.09871353447134015, 0.09864276107435302, 0.098673003018003, 0.0987500262931468, 0.09921024419956417, 0.09923127432455173, 0.09962657810882439, 0.09857519445887755, 0.09873787694395045, 0.09907649097359664, 0.09870440311550269, 0.09882916905923236, 0.09868071390758174, 0.09935816463773808, 0.09859428010295526, 0.09853284677547983, 0.09884305890049985, 0.10220831712046677, 0.10281620502429248, 0.10347723985082727, 0.10304648284055476, 0.09848373634749322, 0.09966203633088369, 0.09871025448438578, 0.09872558971072112, 0.09859001994656505, 0.09883702825136056, 0.09910189367799385, 0.09895839662838637, 0.098604217119352, 0.0986289928598956, 0.09851780434290616, 0.09877410306736714],