{"errorExec": {"Process": "OK"}, "Performance": {"r_score": 0.99900459166294575, "predict_values": [0.007940626225943088, 0.006561548742728207, 0.37375664994544316, 0.06662535580354086, 0.11085777376206753, 0.26092441477909983, 0.0033827092199755003, 0.0035809308996576756, 0.0211070029578197, 0.028368411285331883, 0.014657485800994113, 0.017302210761182123, 0.03454656404439819, 0.010475887756577184, 0.0015899292511255608, 0.0010481086784524822, 0.0002447570302120181, 0.0002447570302120181, 4.4749400548522025e-05, 0.020480200396957027, 0.03357230004550844, 0.00861967817901336, 0.022419399218437136, 0.019391777796471086, 0.02453143699734795, 0.02014707913266, 0.01525045926406211, 0.2582216305514296, 0.2094552259527676, 0.237331416065474, 0.16536190489434885, 0.25668996772892083, 0.2697081262922786, 0.11539525774369161, 0.2094552259527676, 0.003882750307234867, 0.0035147360495775925, 0.09902007667166582, 0.08762810132709471, 0.10253568352535825, 0.09225152615423753, 0.029478023940505103, 0.002067761849155304, 0.0014213022953541512, 0.0014213022953541512, 0.02012249225896727, 0.029745385419603653, 0.0133586002050633, 0.021306138132144565, 0.0030619160053764784, 0.002213456988553936, 0.017798519216717545, 0.057790964158109026, 0.006492180304614767, -0.0004633912675437066, 0.00034834335454928005, 0.0007418837614087832, 0.0019161786034823632, 0.002094736945758091, 0.022871451679349886, 0.05014891403898398, 0.02968471096945443, 0.034686890297851894, 0.024888217281731514, 0.01703105019943539, 0.029157901527151128, 0.011009856468997322, 0.016363233346664334, 0.0011850023494747294, 0.001374545880286252, 0.001291880113495074, 0.02974563246634514, 0.03256644624656113, 0.040088332473174795, 0.028111481565872325, 0.0325247666395059, 0.005654083022309167, 0.0019056429174908204, 0.002766699903801194, 0.006620785178460269, 0.00630866983091898, 0.007822621514420433, 0.00785682332345357, 0.0011216533590811721, 0.0009334213733473758, 0.008088083659273831, 0.004174269763175024, 0.010513852506556122, 0.0010483670325253597, 0.0010002625326099395, 0.00428939491535717, 0.0029155727895398033, 0.0009135601159205245, 0.001730219307838326, 0.008270679961948031, 0.005564134003619265, 0.004584775515653889, 0.008959074015886671, 0.0013074272839717817, 0.0010565338078893892, 0.0010216549731946122, 0.053339248074510216, 0.11974467608254495, 0.12289033459294248, 0.1375268592533817, 0.11867147609857981, 0.13921805704694856, 0.002733655759466548, 0.001975435336521824, 0.0019864035150203452, 0.00718985861460713, 0.004538405207620794, 0.005932564002766893, 0.00852490621979178, 0.05152370258132704, 0.11743403312705171, 0.06400120212398376, 0.12175376267006656, 0.05470898828077497, 0.04997375447626907, 0.01937917675983045, 0.14310754255306507, 0.016222071161908384, 0.14661323307309987, 0.1613779359084824, 0.020494811418275433, 0.05061192864021533, 0.1773803714830054, 0.03707615459223235, 0.1390303963345315, 0.04236797078438425, 0.018715962645222236, 0.038032465199978265, 0.041588645201649024, 0.0036079536735996245, 0.00420665492693325, 0.07553085794068258, 0.03464328561302069, 0.06554429892562563, 0.04311071741208581, 0.03622146112121957, 0.016333201574243967, 0.02445639144252946, 0.06182631354288596, 0.048780468602585274, 0.05310121653681022, 0.01766635280605329, 0.017996276926613423, 0.0032910614172937834, 0.001973741922661484, 0.0025776596135515294, 0.0017525729610372083, 0.0018857473143500882, 0.0014379931093255686, 0.0024250369319432346, 0.004029808976077134, 0.022302905737830735, 0.019663384637417874, 0.021045116881743434, 0.016341584566249668, 0.01853078375107186, 0.019524996079407067, 0.047900090284477066, 0.0012670183944179902, 0.0012079041666203754, -0.00036309074174843085, 0.004428673708344923, 0.004734622569561584, 0.0033470032802860325, 0.09167067105915958, 0.09991370488431908, 0.12592708729892768, 0.0022332121389484327, 0.1091875279943859, 0.058400229221248996, 0.06641046041197204, 0.04814578413831363, 0.16156122002989995, 0.005999543551997701, 0.00755779843840831, 0.002970894528365533, 0.002579818798660095, 0.0030895886494950323, 0.002748705938192273, 0.03195532414700264, 0.0350165141598929, 0.02950635296078309, 0.0009624197466055731, 0.002834383734612347, 0.0030420145832996547, 0.0029133569211286154, 0.003032550552897785, 0.0025751883881203396, 0.006830978461377271, 0.007073360696896654, 0.007752744032873785, 0.009424494735612136, 0.005893863079027733, 0.008619478759128617, 0.007144772061768751, 0.0013180141546181594, 0.0007985151171328339, 0.001074247346141328, 0.0007985151171328339, 0.004537217197484388, 0.004540785990561872, 0.02216621837075636, 0.01819159999063497, 0.017223296577731098, 0.024237414763029288, 0.010932081594609152, 0.005939200382581294, 0.007470541129376078, 0.00959277556573416, 0.010134209269985485, 0.006910856241969309, 0.0072051265110025945, 0.007323733841281529, 0.015465338224532683, 0.014735807222048414, 0.02331424692737238, 0.004370231059945214, 0.006082183598128118, 0.0041928014956882425, 0.004738902964616047, 0.0020781011070224167, 0.0019631058626627105, 0.0014147027501214989, 0.0012050447647347945, 0.008841426938406166, 0.002236610631014443, 0.011460388494728293, 0.014953074277181101, 0.011243805676314483, 0.001741569964694045, 0.0018915092826287568, 0.0047352831505615275, 0.0045602161317121635, 0.003940045410345158, 0.005281998391010639, 0.028482943799934553, 0.02222772905311688, 0.020277626500624406, 0.022426335374376636, 0.004104282973697532, 0.00320133120910826, 0.0025117054184959835, 0.002842117581807675, 0.002002186523817914, 0.003777082846278518, 0.006724853127644474, 0.005963165663458757, 0.004212130307196448, 0.002292447961988606, 0.0033211160543506783, 0.0015800767738800325],