AAWt,AAMt,Sstruct,SaccW,ShbondsW,SaccM,ShbondsM,yDDG,Result,Positiontype,ProteinPropens,Positionaccept,MOSST,Functionalrelevancefunction,Clinical
0.401568686066,0.535424914754,0.133856228689,0.187398720164,0.0892374857924,0.611276777678,0.133856228689,-0.290021828825,0.0892374857924,0.0446187428962,0.0446187428962,0.0423878057514,-0.0401568686066,0.00446187428962,1
0.0702793445406,0.843352134488,0.351396722703,0.0,0.140558689081,0.0,0.210838033622,0.0210838033622,0.281117378163,0.0702793445406,0.0,0.0702793445406,-0.0632514100866,0.0527095084055,2
0.0532470719533,0.745459007346,0.266235359767,0.0,0.106494143907,0.532470719533,0.15974121586,-0.175715337446,0.106494143907,0.0532470719533,0.0,0.0532470719533,-0.0266235359767,0.039935303965,1
0.0782966292451,0.704669663206,0.391483146225,0.0,0.15659325849,0.469779775471,0.234889887735,0.125274606792,0.0782966292451,0.0782966292451,0.0,0.0782966292451,-0.0782966292451,0.0587224719338,1
0.10160665708,0.711246599559,0.508033285399,0.0,0.20321331416,0.0,0.304819971239,0.193052648452,0.10160665708,0.10160665708,0.0,0.10160665708,-0.132088654204,0.0762049928099,1
0.409362494556,0.818724989112,0.204681247278,0.0153510935458,0.102340623639,0.0,0.153510935458,-0.260968590279,0.102340623639,0.0511703118195,0.0153510935458,0.0486117962285,-0.0460532806375,0.00511703118195,2
0.641453899309,0.561272161896,0.320726949655,0.0240545212241,0.160363474827,0.0320726949655,0.240545212241,-0.216490691017,0.160363474827,0.0801817374137,0.0240545212241,0.076172650543,0.0,0.00801817374137,2
0.307778256299,0.577084230561,0.15388912815,0.0115416846112,0.0769445640749,0.692501076674,0.115416846112,-0.200055866595,0.0769445640749,0.0384722820374,0.0115416846112,0.0365486679356,-0.0269305974262,0.00384722820374,1
0.227788887416,0.167844443359,0.0239777776228,0.501135552316,0.0239777776228,0.816443328056,0.0119888888114,0.0191822220982,0.0119888888114,0.0119888888114,0.0,0.0113894443708,-0.0119888888114,0.00119888888114,1
0.175644275083,0.185976291265,0.0103320161814,0.481471954052,0.0103320161814,0.836893310691,0.0206640323627,-0.0134316210358,0.0309960485441,0.0206640323627,0.00619920970882,0.00929881456324,0.00309960485441,0.00361620566348,2
