AAWt,AAMt,Sstruct,SaccW,ShbondsW,SaccM,ShbondsM,yDDG,Result,Positiontype,ProteinPropens,Positionaccept,MOSST,Functionalrelevancefunction,Clinical
0.579147429674,0.785985797415,0.0413676735481,0.132376555354,0.0413676735481,0.0,0.0827353470963,-0.0868721144511,0.0827353470963,0.0413676735481,0.0206838367741,0.0380582596643,-0.0206838367741,0.0248206041289,2
0.3521841067,0.377340114322,0.0251560076214,0.0804992243886,0.0251560076214,0.835179453032,0.0503120152429,-0.145904844204,0.0503120152429,0.0251560076214,0.0125780038107,0.0231435270117,-0.0201248060971,0.0150936045729,2
0.796849532897,0.512260414005,0.0569178237783,0.182137036091,0.0569178237783,0.00569178237783,0.113835647557,-0.108143865179,0.170753471335,0.0569178237783,0.0284589118892,0.0523643978761,-0.034150694267,0.034150694267,2
0.884683608093,0.379150117754,0.0631916862924,0.202213396136,0.0631916862924,0.0126383372585,0.0631916862924,0.0758300235508,0.0631916862924,0.0631916862924,0.0315958431462,0.058136351389,-0.0315958431462,0.0379150117754,1
