AAWt,AAMt,Sstruct,SaccW,ShbondsW,SaccM,ShbondsM,yDDG,Result,Positiontype,ProteinPropens,Positionaccept,MOSST,Functionalrelevancefunction,Clinical
0.183409068895,0.36681813779,0.0458522672237,0.614420380798,0.0458522672237,0.662565261382,0.0458522672237,-0.0481448805849,0.0687784008355,0.0229261336118,0.0,0.0229261336118,-0.0298039736954,0.00229261336118,1
0.15531257837,0.252382939851,0.0388281445924,0.520297137538,0.0388281445924,0.790152742456,0.0582422168886,0.0,0.097070361481,0.0194140722962,0.0,0.0194140722962,-0.0232968867554,0.00194140722962,1
0.126946710565,0.23802508231,0.0317366776413,0.425271480394,0.0317366776413,0.858477130198,0.047605016462,-0.0444313486979,0.047605016462,0.0158683388207,0.0,0.0158683388207,-0.0190420065848,0.00158683388207,1
0.150270320647,0.0333934045883,0.0166967022941,0.631970181833,0.00834835114707,0.758865119269,0.00834835114707,-0.00500901068824,0.0166967022941,0.0166967022941,0.000834835114707,0.00601081282589,-0.00166967022941,0.000834835114707,2
0.157681046436,0.166441104572,0.0175201162707,0.663136400846,0.00876005813536,0.710440714777,0.0175201162707,0.000876005813536,0.0438002906768,0.0175201162707,0.000876005813536,0.00630724185746,0.0,0.000876005813536,2
0.0780936727702,0.312374691081,0.0195234181925,0.778984385883,0.0390468363851,0.525179949379,0.0195234181925,-0.00585702545776,0.0976170909627,0.0390468363851,0.00780936727702,0.0109331141878,0.0117140509155,0.0,2
0.0801325913066,0.200331478266,0.0200331478266,0.799322598283,0.0400662956533,0.550911565233,0.0600994434799,0.0560928139146,0.0200331478266,0.0400662956533,0.00801325913066,0.0112185627829,-0.00801325913066,0.0,2
0.23484274324,0.751496778368,0.046968548648,0.36165782459,0.093937097296,0.422716937832,0.093937097296,-0.093937097296,0.187874194592,0.046968548648,0.0,0.046968548648,-0.046968548648,0.0046968548648,1
