{"errorExec": {"Process": "OK"}, "Performance": {"r_score": 0.9412754975018427, "predict_values": [0.010279615303395998, 0.020652352337797966, 0.30626558682149996, 0.041528738015307695, 0.08408431090414001, 0.2194555756457, 0.0036046483935637834, 0.0034985645585807828, 0.029561260640614994, 0.029307598680072666, 0.01290977140879233, 0.017447978929255002, 0.04429327737873266, 0.011987137108853333, 0.00226295344732775, 0.002341048039733863, 0.007452118195785, 0.001839413916135, 0.022365228427615, 0.031111996923858333, 0.07429126207268334, 0.011939329446600835, 0.022574085869220002, 0.021909819986881667, 0.027880980139306, 0.021640471229439996, 0.013969321696743999, 0.24712734074930004, 0.210175693802, 0.23760310352660002, 0.12804102415151, 0.21992153708640005, 0.267574625233, 0.11186441125395001, 0.210175693802, 0.0046988421995670365, 0.0033750794746057492, 0.099332034882098, 0.073013371842656, 0.09887357955777801, 0.09599067585502, 0.024634041572979333, 0.002022226153656816, 0.001873922274575816, 0.001873922274575816, 0.02196503824308, 0.025761752900417, 0.014335444209430625, 0.020122803561446002, 0.0015686706468716904, 0.0013794322213265583, 0.018260574399381665, 0.07017647838273, 0.013758207468113997, 0.049604340281600004, 0.1069781560397, 0.02918016937392, 0.0454202914127, 0.029481440541839998, 0.0195681315383435, 0.04748708826442666, 0.02898901798604933, 0.03634193188641333, 0.042644255977635, 0.018106015717849998, 0.03209043259806, 0.012642311175956291, 0.016217976674454383, 0.0011720501324140374, 0.0020298261125006175, 0.0017866513713167304, 0.040387731567515996, 0.03297819162099, 0.03374912651763, 0.040364004056515, 0.024634256274944998, 0.007457738926070506, 0.0017261056070513269, 0.004192800414118, 0.007194131513064993, 0.007179472986999993, 0.00612522097434116, 0.0070034424001898495, 0.0003596800372090966, 0.001785732627635971, 0.0136059880043695, 0.006692537395631799, 0.014188505874621499, 0.0009401677802782001, 0.0005733608558424332, 0.005192844917268, 0.0028592694029197325, 0.0008232452741249952, 0.0012335500845073967, 0.010165073369765751, 0.005107035610589493, 0.013895470301575915, 0.006403329275668583, 0.0008083524219010225, 0.0008319597174771761, 0.0012102766248571531, 0.04740356845270334, 0.11749610641343, 0.1210862231535, 0.12275564026671, 0.11740751199463, 0.12387278228995999, 0.0029649728912636234, 0.002804032533073757, 0.0015312664227178348, 0.0073474680473103095, 0.003600312912382375, 0.00472907924376, 0.011097202504533499, 0.04802025481565333, 0.10800350093239999, 0.061856169853200006, 0.12256805886739999, 0.048962524463909994, 0.04375295321305934, 0.02802465358262533, 0.1481001101964, 0.014114885747466, 0.14808438836840002, 0.1413446035367, 0.019004972777061, 0.04360043421859333, 0.125852959097838, 0.03738698057956317, 0.12007362102659999, 0.047138827163856666, 0.022148418858522666, 0.035910614822596006, 0.04244099720981, 0.002909048780184934, 0.006851783419857499, 0.06460137581032, 0.03536225064836583, 0.06014018484912999, 0.04173556322665667, 0.03892334534136999, 0.02002763593436, 0.03170539877502, 0.11172368217230003, 0.05051683354216001, 0.05417166695051, 0.024280580298431668, 0.030877233954669996, 0.003511953038320344, 0.0031628334596858947, 0.0027558895726721377, 0.0019178253723029885, 0.0023662507300936764, 0.001643305269344734, 0.0023898726135674966, 0.005506435065869049, 0.020941547369259, 0.019784545278838044, 0.021414964585984998, 0.010822135600907999, 0.019217098444413043, 0.01956017557268805, 0.06362392581281168, 0.0024702605401920015, 0.0020519776694362243, 0.005024081935074387, 0.0043616058200766136, 0.0049537647677727545, 0.0026272355309619683, 0.1035546484443, 0.11106708394680001, 0.126158851047, 0.0047186739393428, 0.062282644213515995, 0.06265978928252999, 0.06063270153722, 0.0654546336042, 0.1722395954277, 0.007351416350240392, 0.008151622733250643, 0.003674616780022671, 0.00328206732606667, 0.0033848201640029702, 0.003050000015303987, 0.028197752990140334, 0.031999317515838996, 0.02653027061186717, 0.00022939429904282743, 0.001986277402604099, 0.001909108941901698, 0.002112590615029817, 0.0022277889918969327, 0.0018426020038239412, 0.006630679064017005, 0.0066545672944054255, 0.007847855303395924, 0.00972219199914, 0.006999806219847511, 0.008958992990327222, 0.007122278556910834, 0.0004056567632717025, 0.00022939429904282743, 0.0003489739673774717, 0.00022939429904282743, 0.006310820794588256, 0.008558224552714256, 0.021510776965552002, 0.016577915517166714, 0.014518855647346668, 0.02645167296612, 0.011833103814213335, 0.0069546048299164165, 0.007408251315867592, 0.009353469265112166, 0.01203214977667536, 0.008211359065367832, 0.006790497806878374, 0.008403537155077499, 0.01332574559528003, 0.013323507572517167, 0.015479173505978138, 0.004274223538688791, 0.006586541412105668, 0.0028078528963445997, 0.004426096429760792, 0.0015249724222306058, 0.0010643771700317307, 0.003464358408847667, 0.0012415673963565416, 0.009829289852065309, 0.0041996446322724, 0.013568060805928168, 0.0167583398007875, 0.009800337975117859, 0.0031079403481060856, 0.001927596150598709, 0.005231055687204002, 0.0031450411459756585, 0.003968995251130607, 0.0055610321647212545, 0.028011251814674, 0.044369590255369004, 0.024146521136819997, 0.028237136867499003, 0.0046809511538080505, 0.0038376170305548254, 0.0030392020730748872, 0.003037636332677, 0.0015597214885791585, 0.0050405150805546625, 0.009607269908763757, 0.006300168195443756, 0.004326637096878749, 0.002841746531359441, 0.0031478066616345652, 0.0012573088629649508],