{"errorExec": {"Process": "OK"}, "Performance": {"r_score": 0.93962218787793572, "predict_values": [0.015278068042455897, 0.010584021804203269, 0.3026117856947, 0.05751250300006315, 0.10557345928573, 0.19106996965262, 0.002681185460944717, 0.0022943864701395664, 0.02306616570113667, 0.026218097665923333, 0.011375863761131333, 0.018433979611771668, 0.03787795715846333, 0.01060252979511322, 0.0033588293495628333, 0.0011397658330604184, 0.0, 0.0102094147184, 0.0, 0.022757820405102852, 0.0572463616337725, 0.026228921438201668, 0.019875343827429996, 0.018248471649554763, 0.025519126668725002, 0.021110829783865, 0.014127892248308335, 0.24204533833769998, 0.18895474663655, 0.2282337116845, 0.12467897127101002, 0.18771730740260004, 0.2633746011359, 0.10800504419715, 0.18895474663655, 0.003935869556090271, 0.0034401887271672273, 0.10976018985510401, 0.07725621495475, 0.099482805884284, 0.08807919380587001, 0.028953621479829172, 0.0017884928246787856, 0.0019486091675686872, 0.0019486091675686872, 0.021751434606396666, 0.0322044203677225, 0.013632190297177332, 0.017668658520293, 0.0013819513060180251, 0.0012847876664231971, 0.02271242036906309, 0.10549097037905, 0.016201011899271, 0.0839607451532, 0.0912267380119, 0.015949254684299998, 0.02027295055845, 0.01646722111218, 0.02437892278040833, 0.046580791723190004, 0.03157318070749683, 0.036474359868145165, 0.040054371328472, 0.015009272078929997, 0.025024499087122003, 0.014175483025206667, 0.012384469936996073, 0.0017967275609978351, 0.0018412286251838967, 0.001637665086783522, 0.03622645612099047, 0.0321297971536225, 0.03647391023835, 0.04043117553958999, 0.02704925940141, 0.0060380016772045, 0.003011790426527328, 0.00620604857400525, 0.007282521957629823, 0.006421591820524435, 0.007071526054855823, 0.005906291480796863, 0.0006444095209365001, 0.0023800938364867664, 0.016685751677628, 0.0074424397414983995, 0.011790075938913364, 0.00020252703075899998, 0.0017222315899971317, 0.006774668766312809, 0.003162215056876532, 0.0010555545525159544, 0.000715984066539, 0.008668503412216144, 0.00615451335975019, 0.011675265846612267, 0.009822866139382, 0.0009803248197687727, 0.0010870542601519907, 0.0016506471608375602, 0.05003318728720083, 0.11934608853505, 0.12011152002815, 0.124935496839046, 0.11946270845705001, 0.122286140494996, 0.002956508949281081, 0.001767946006609462, 0.001693107772065778, 0.007519841543958401, 0.0037627044593793743, 0.007552142054329578, 0.007906987317747232, 0.05186428147140001, 0.10706542190083002, 0.06174250315077, 0.12542345786159997, 0.058481143245029996, 0.05361924389844334, 0.022314043021973335, 0.13965874155125, 0.014475767178668001, 0.142831997357, 0.14361105438802996, 0.03059553082626733, 0.05065850952237734, 0.14326945297760002, 0.039103252877805326, 0.1552854413714, 0.03578747222788, 0.018263041729603, 0.04185308756857, 0.03873465700170001, 0.004345144129946422, 0.005109120856774571, 0.07112886799101, 0.030509103698603168, 0.05919437316267999, 0.04525569578076, 0.05086745962465, 0.022652549514259997, 0.03665154156531499, 0.08328387558205, 0.04857869894049001, 0.056161351783764, 0.029141647529603087, 0.03568184331528999, 0.0031095451832621793, 0.0020128046923753072, 0.001657999330525887, 0.001795221165157361, 0.001712121579711768, 0.001056260490162018, 0.0037766892531562505, 0.007016058099832953, 0.021651766277683334, 0.020610971296234997, 0.021027651553566666, 0.0106447432211829, 0.019548173315422503, 0.020429177954492332, 0.03618838335678999, 0.0014077781349451147, 0.001199551465761899, 0.006813194885903556, 0.003816414284383833, 0.005218862620133, 0.002804329012301446, 0.08250224379910999, 0.09519016240196002, 0.10433018555516001, 0.002602129602687532, 0.07381637058276999, 0.063784176424735, 0.051437576157857136, 0.05184963960524001, 0.17469749093070003, 0.007184586986216, 0.007868899841462865, 0.0034036678678276257, 0.003637234687313231, 0.0031639431329410586, 0.00372889794267772, 0.02992051130060184, 0.035335630749216834, 0.031606981454344166, 0.0003119228295591054, 0.00236261775744188, 0.0022891120901512184, 0.0021438072017044424, 0.0021632141861147756, 0.0021438072017044424, 0.0067353178694723155, 0.006884783430642631, 0.008416577169378272, 0.007751161273911613, 0.004796517109537834, 0.007341237738381, 0.006998620672213722, 0.0009633573251633876, 0.001275302308177497, 1.0936003921887502e-05, 0.0011040195138130543, 0.004517073333115286, 0.004639909201661286, 0.021720035349310003, 0.01785107785021583, 0.017215479533219995, 0.02559074234313167, 0.011962471779341002, 0.006951191995192001, 0.005029604082553438, 0.009929252276656395, 0.008710734212646168, 0.006766249332332429, 0.007389867430600917, 0.009659072667346395, 0.011600082385733368, 0.012200469696201666, 0.01917614358554135, 0.004466897135601157, 0.011260265335651094, 0.0021312805806549284, 0.0036547585325820858, 0.004228899861032249, 0.0009241606858893444, 0.003144913365899149, 0.0010642771947905715, 0.007254046145458734, 0.0014626520068730911, 0.010836315923039333, 0.01201876628183989, 0.013142886746311666, 0.005124826937854302, 0.001845997551596413, 0.0032524870248307504, 0.004964723184215037, 0.003213642763227752, 0.004969280888993071, 0.04141682686402, 0.030169773854140002, 0.029950435225239998, 0.022147682665630004, 0.0035041427182950268, 0.003300679283496676, 0.0027767735391395713, 0.0024340360984678217, 0.0018810216495391864, 0.0037009898411536645, 0.009110517729326485, 0.006043730667140653, 0.0041691235243246265, 0.002972733630973437, 0.0033941878872749444, 0.00355865844051789],