{"errorExec": {"Process": "OK"}, "Performance": {"r_score": -1.8325509121626391, "predict_values": [0.07927671489081556, 0.030322314628313585, 0.02503210236668063, 0.16269084037080717, 0.1397262594224309, 0.1804676852863647, 0.044759883045595306, 0.04308960111450122, 0.0819891257193166, 0.04213407828596227, 0.1321486383830408, 0.10585061396998197, 0.01746191777590278, 0.14947735856703126, 0.053846091390241435, 0.06862696362100773, 0.06350315495945136, 0.0554353140231203, 0.420950370963487, 0.21515491846967127, 0.1420806483128576, 0.18010447472904834, -0.020719404988648105, 0.1270702065909859, -0.03835271998544454, 0.011757456795585375, 0.09326593526080829, 0.12837375724958755, 0.03878696215140187, -0.017512160953851552, 0.32004308676943094, 0.0706543511101001, -0.004624416418205879, 0.33452064172597906, 0.03878696215140187, 0.043342413393242296, 0.059907629282794916, -0.09699518228752546, -0.07002675171513673, -0.05682977001835132, -0.05165095664650354, 0.10741240587776124, 0.08305583287570562, 0.0766216883055717, 0.0766216883055717, 0.0670450779677807, 0.0012506954131634718, 0.09652499276421844, 0.06739927337247353, 0.05919904985340052, 0.05008069210647337, 0.22301046775570144, 0.07270928618139183, 0.016831704488480703, 0.0355355248985012, -0.16222797025388513, -0.012525038913605346, -0.15249979925646695, 0.13633561921960413, 0.06620213945562892, 0.07354774184049351, 0.03536710639901641, 0.04308175868267705, 0.12827779803163986, 0.10336895528135304, 0.1130248829554672, 0.11769736943462861, 0.08165260804517271, 0.061986523527197024, 0.05881496625744953, 0.05700447025510913, 0.10325085688577773, 0.03381721830895801, 0.026207907721128798, 0.10479778972246234, 0.07342558551921874, 0.06493861531173528, 0.05558101228034218, 0.03754193626193847, 0.038687333953459246, 0.046825270945303865, 0.060400742447162425, 0.05473395086311128, 0.05515584489146752, 0.046430261874370826, 0.14809314472937896, 0.20439148159905463, 0.12687722193654083, 0.0638733107124656, 0.051072024529437154, 0.039630355722220845, 0.0615090268587144, 0.06449691757471099, 0.09611958300971946, 0.03327501307514291, 0.08889618247168851, 0.04244858239435256, 0.02159167313608701, 0.06129566647121787, 0.06217854911563059, 0.06926975697720028, 0.08476465409159806, -0.03933406474709811, 0.020836956233733384, -0.06752330738379086, 0.040809020762888615, -0.05609432550047044, 0.034429037256489936, 0.03763187731349338, 0.047337839744555854, 0.052448553501268425, 0.10873305311589032, 0.07253737536483351, 0.018898853381349445, 0.05836117384635342, 0.01391817050505928, 0.04298035148998358, -0.016717493557491414, 0.04407897602905253, 0.05802694211927828, 0.028296839710594046, -0.01573559356708376, 0.17712688765363782, -0.027367228285882783, 0.04864675191519585, 0.18899733622596782, 0.12872720646637914, 0.08617739695270288, 0.16738826056052547, 0.030727188873665767, 0.16446565450424355, 0.10225983931975513, 0.005192188425111821, 0.020189807535798465, 0.09988881705643338, 0.054756150041818996, -0.02737460805125247, 0.0800325397016961, 0.025500948945846647, 0.12240712989633584, 0.10494505985459157, 0.2089153988821303, 0.15583989685330857, -0.014730443233483825, -0.015047334765098563, 0.0396393349774673, 0.20150865306725907, 0.13404540031402767, 0.03829865542009214, 0.05437503601586302, 0.07115018267194095, 0.057406435066366335, 0.04244103788998577, 0.05770630880834737, 0.05176875037555129, 0.10801379630505914, -0.02237848735117809, -0.013796910147987562, -0.0332749034629809, 0.0552991938434777, 0.017037656493670728, -0.021103606236821726, 0.06903477617352927, 0.057431460029206294, 0.05163544034638323, 0.04787897418444942, 0.04879037761696714, 0.04914982090964881, 0.06306664500416082, 0.15533058307509684, 0.140754154448264, 0.12982292793770323, 0.05996545655237551, 0.02823130133098939, 0.23954243537275366, 0.15600267124935718, 0.14153152964528348, 0.02270905743857199, 0.047195058174013926, 0.04978281824257791, 0.04943422296938649, 0.05211099240644246, 0.05011107795148839, 0.06132010534560006, 0.05646966246565155, 0.07399941251803033, 0.060821062643535484, 0.044332108991462116, 0.054068744185663764, 0.05873795949932159, 0.05718247802580789, 0.050763116466069125, 0.053633552117128724, 0.08632067995700621, 0.08325606249241813, 0.08450569272462127, 0.0583202116144419, 0.048434692946287994, 0.036459965807348116, 0.04264940211040402, 0.06325770653579643, 0.052007152621746044, 0.04472789339139038, 0.05106241475549966, 0.0334663125711232, 0.01630710191762552, 0.10443305479272236, 0.12842673907059643, 0.15661378408358417, 0.08324198600573474, 0.15747013315328262, 0.07002266299489923, 0.0780226161965012, 0.045422999447691126, 0.0388489016867799, 0.053388365800582926, 0.07017781516286559, 0.046970483398072416, 0.09710422465360335, 0.137778397949472, 0.0453828278734183, 0.04092708591715133, 0.03945261147616841, 0.06541391960959708, 0.08954156394303747, 0.06664196947932433, 0.06088683609490664, 0.046157011797281156, 0.041872583566275434, 0.004538229753561218, 0.08401447922952188, 0.06117598233479926, 0.031563843967205685, 0.06965423100009671, 0.04920314138209192, 0.0696894790391489, 0.024016649409560165, 0.08061092779396306, 0.08070901249451934, 0.05115968356017109, -0.10820696254565298, -0.019457530635436093, 0.07458705327710313, -0.005245478433507422, 0.0929577831788917, 0.05074196546546439, 0.06195294424405251, 0.0648918116160182, 0.07256485721378825, 0.05570019863946252, 0.05655439975776533, 0.0656074820964907, 0.0758054606946803, 0.06779888256038547, 0.08592973130332049, 0.055276735457771675],