Component,Relevance
1.0,66.6371912475
2.0,11.1853748852
3.0,6.90360633722
4.0,5.01686646721
5.0,3.21432342769
6.0,1.53361922987
7.0,1.4332524365
8.0,1.07739633227
9.0,1.01633031288
10.0,0.658741196977
11.0,0.553741396151
12.0,0.357600783946
13.0,0.256347737739
14.0,0.105747316454
15.0,0.0498608924301
