Mean,STD,Variance,MAX,MIN
0.464894586895,0.0,0.0,0.464894586895,0.464894586895
0.219230769231,0.0,0.0,0.219230769231,0.219230769231
0.382261904762,0.0,0.0,0.382261904762,0.382261904762
-1.44257570212,0.0,0.0,-1.44257570212,-1.44257570212
0.233077706607,0.0,0.0,0.233077706607,0.233077706607
0.220892661955,0.0,0.0,0.220892661955,0.220892661955
