{"errorExec": {"Process": "OK"}, "Performance": {"r_score": 0.94377554863280833, "predict_values": [0.015050171006284998, 0.008745089871825, 0.31361093343080004, 0.05706138792117332, 0.07706073171127001, 0.2402769822414, 0.002686491598522971, 0.002784537205059971, 0.025073086261480092, 0.024490942230100003, 0.013821567572240002, 0.018895590660539665, 0.03830117782226767, 0.011296203068942998, 0.0027948917724197725, 0.0011160613715576525, 0.0112254085593, 0.0167418209865175, 0.04369155823994, 0.025207090739495664, 0.06897542718525335, 0.022739981654032133, 0.021699574156136665, 0.020528012495642, 0.023926347762937998, 0.02097900797015733, 0.015864980834456997, 0.22897030459659998, 0.23123450072190002, 0.21766296895850004, 0.13404236186760002, 0.24328125098519998, 0.24286542223612, 0.08870699559351, 0.23123450072190002, 0.005293132012764096, 0.0036998412328098874, 0.09890156892379999, 0.09254964203472, 0.10088697165681, 0.09600104228688001, 0.02853843746848476, 0.0021360065900986034, 0.0015496816331856855, 0.0015496816331856855, 0.0195429828143268, 0.033952910795378335, 0.012616725922087665, 0.020712905287525, 0.0021655036992109336, 0.0018980567598395012, 0.022722110920035666, 0.050085640985089996, 0.008451796394277334, 0.0258709676083, 0.10121595084538, 0.0, 0.07375536737992999, 0.02183019832659, 0.024737104370700834, 0.055139110209475, 0.029990203513852433, 0.031993349230536, 0.0364941253544, 0.019787180815439998, 0.02855123119708, 0.012422166190299, 0.015117460533428667, 0.0016246518084355416, 0.00167554138489846, 0.0017975798401075598, 0.03631922219047666, 0.029381630186270002, 0.0448216990145, 0.033162542154339995, 0.025706565986855, 0.0045103473059708325, 0.0019736264390322078, 0.004325485261427567, 0.00708536495083398, 0.00662492663756843, 0.006643268453040964, 0.007218131431455629, 0.0009978119052085506, 0.0023520179589197636, 0.015833699040944997, 0.009994215321684, 0.013723376855907998, 9.010357502760001e-05, 0.0011682798379803333, 0.005357059085607515, 0.0026090451359770997, 0.0008052110079715998, 0.0016877869431979335, 0.010051671844095967, 0.005327134345396582, 0.007708502899891667, 0.013461597420694003, 0.0011318556698731732, 0.0010272643946852734, 0.0012388265853598983, 0.03875046813201667, 0.11955270292712501, 0.11902502647133002, 0.1390265295429, 0.120109491382425, 0.1390275844044, 0.0019663146827581016, 0.0018375248796886016, 0.001518712177921649, 0.007269899435016833, 0.004405446409175999, 0.004473719393035264, 0.010277288623754401, 0.05180013616381, 0.100230919666665, 0.05740922828480001, 0.11651441373489999, 0.056876121159609994, 0.04991913047101, 0.016249032246423583, 0.14443624516040005, 0.016272195573112, 0.13335437491921, 0.15370837218965, 0.02172640264542066, 0.046613599013697, 0.13072125138926002, 0.0404735093006825, 0.07119829005053, 0.05034162913522, 0.017535557056175582, 0.038526664924848006, 0.04348425106428, 0.0025330042081229596, 0.007053988729411584, 0.087434372288725, 0.034426869194663326, 0.061389572999705, 0.04243190779579, 0.029662298118929998, 0.019278482481554997, 0.024969543256508, 0.07338786327565001, 0.04823305436266, 0.060894413429799996, 0.036140462645299, 0.024227209930475002, 0.002556451945595731, 0.0030147078539923314, 0.0024608556080435986, 0.002132748638270463, 0.002068585129921763, 0.0009904081885873494, 0.002040004623796659, 0.00570762105518841, 0.022027963318560835, 0.01752282878427383, 0.020365817627636833, 0.010676692994693999, 0.0183671219466415, 0.017783711448301497, 0.05035821690133999, 0.002354564021312954, 0.001197135619895832, 0.0051357592643653995, 0.0038130230751726142, 0.004481482489972215, 0.003202166567960958, 0.07065023753621, 0.10960487702721, 0.11779174266325002, 0.0031161732378473085, 0.11028417896845003, 0.0519683946388, 0.06958027839367, 0.06314780001853, 0.11650971970075, 0.009586694511727657, 0.008886938225231625, 0.0037224882829504876, 0.0037224882829504876, 0.003935098580009499, 0.0031718354835855596, 0.0240785194253806, 0.03315645625287583, 0.021463346237133932, 0.00021201723885336363, 0.002140510779346317, 0.002140510779346317, 0.002067440976992317, 0.0021159444815692617, 0.002067440976992317, 0.007706182929897561, 0.00846503549934696, 0.008005082581187761, 0.00727564488833619, 0.0066726403344935, 0.008639993021456866, 0.0073068078695673, 0.0, 0.0003249190073240091, 0.00028230887532184246, 0.0003249190073240091, 0.004573839645211649, 0.008396688930887384, 0.022846292066842834, 0.019784146067805583, 0.016828733563729666, 0.02611006004384083, 0.01112594015526567, 0.006730481508972619, 0.008369953206692027, 0.0092617952671625, 0.008480469633338334, 0.0063742853380862165, 0.007526478266559266, 0.010155632578680832, 0.014772667389521668, 0.0125422974043445, 0.021941762768175496, 0.0037471958863873334, 0.007898340303588732, 0.005812339050645181, 0.0025885313224562256, 0.001323196888472974, 0.001380455061272624, 0.0025942611894915002, 0.001310352552323, 0.010383714292373001, 0.003803851434741293, 0.01232727688654507, 0.016005744354629, 0.010918742143630335, 0.00248235472737707, 0.002037487903078332, 0.003629344041862742, 0.00455302658487695, 0.0035642870855208666, 0.0037012379823581415, 0.029341147894914998, 0.024359392720035, 0.01901652296557, 0.023364640944345, 0.00456434511941323, 0.0032055814220222955, 0.00217404003899575, 0.0014431437995833212, 0.0022688780800273027, 0.004364686554939436, 0.009325511512774783, 0.0066388966811942495, 0.004019486138393642, 0.0027865197663938667, 0.0023369903347412865, 0.0011458275744109826],