{"errorExec": {"Process": "OK"}, "Performance": {"r_score": 0.18243590355348893, "predict_values": [0.016716413300790822, 0.016030823270853867, 0.053852397735926594, 0.019964288942491304, 0.024739435682304023, 0.050199195612924574, 0.013097714385338854, 0.013305127115382731, 0.013743794767966555, 0.013976509090046385, 0.014569233150378003, 0.013913024299875232, 0.014930219072159578, 0.014535637998216167, 0.01268440898989659, 0.012263890218488893, 0.041525164228111866, 0.04199555391292137, 0.038292307441974816, 0.03702453876608752, 0.03727333305910635, 0.018113114608893144, 0.02354725977946165, 0.03262383861978074, 0.023919111022891404, 0.021827984702357306, 0.013631054184925995, 0.05292665891456688, 0.04937942308066062, 0.0542126112524563, 0.04669075280376506, 0.054058690813368615, 0.05413234181972054, 0.045090273308204865, 0.04937942308066062, 0.013916750668648115, 0.012423685310047505, 0.022534841559238517, 0.01843900595465159, 0.022575913493169397, 0.01924113596037008, 0.01540519023914394, 0.012350083189295924, 0.012396437397009408, 0.012396437397009408, 0.013161824810413114, 0.014623881719210197, 0.013427910369802232, 0.013276450906135329, 0.012407260636998985, 0.01276556002092405, 0.037921900204782755, 0.04951369451481097, 0.01351812158138771, 0.04811953491955473, 0.04384905904219244, 0.03841131367522127, 0.03868791122874532, 0.02872823690051246, 0.013000719692439155, 0.021973825866940466, 0.01345567966160749, 0.014537169276855944, 0.04027556076766564, 0.024434934012344478, 0.03936253259973993, 0.013774567648663305, 0.01344016191398184, 0.012665049052668576, 0.012344528019683165, 0.012383572094631645, 0.02322698009366947, 0.02818850170247683, 0.02870906515757693, 0.027136966916480876, 0.02608837836397443, 0.013440034370694132, 0.012340468858998144, 0.013520502635075371, 0.016024188138324902, 0.016646468148166227, 0.017697841471468856, 0.01758337080017819, 0.012454348687104877, 0.01297580449902963, 0.02074455167485184, 0.017018575418172033, 0.019869942280914155, 0.012293564772839993, 0.012601200623708564, 0.014970343088957672, 0.012512273910175675, 0.012724486094506215, 0.012671483809191197, 0.013349444875975613, 0.01254192663818604, 0.012822072694042286, 0.013517435257137389, 0.012386930233611537, 0.01233279888427391, 0.012370745758436275, 0.014543348982416326, 0.018119879641499026, 0.023021796853601784, 0.022435948660079863, 0.019424904978325885, 0.02196689305420657, 0.013981691232104854, 0.013078798300993288, 0.012742061841154062, 0.012755671493615284, 0.013216655305184732, 0.012953493657664239, 0.014698410599707501, 0.014907401076601878, 0.020792804066883053, 0.015676135669406455, 0.025258474885097193, 0.014926418761932625, 0.015027721760481227, 0.013842126467453142, 0.029769573768076707, 0.016033059559982632, 0.029622687305037643, 0.029377811049175084, 0.017606820958247338, 0.022762788920752175, 0.03358859287125754, 0.01862783442227306, 0.05262029745267022, 0.0309321172800055, 0.014024469049367772, 0.015003989217769298, 0.014964791089497609, 0.013547795370420446, 0.013421978635071052, 0.01724512668038919, 0.014608986962031445, 0.018209206935175193, 0.041158582042317204, 0.04241014277438265, 0.029999853229758233, 0.03801014336862557, 0.04924170893555396, 0.04369842358847936, 0.042674395978820445, 0.03504914985686186, 0.024835964150541512, 0.01376895213865098, 0.012589878940489185, 0.012458544998441401, 0.01243397460982415, 0.013132941641966489, 0.012413840797315612, 0.013043856248846797, 0.013278424579127923, 0.016174051243817378, 0.01560509783937486, 0.016476012796215522, 0.01509045742544729, 0.015311754070901629, 0.015879960017033123, 0.04384212109838054, 0.012432421865499366, 0.012644855727633242, 0.014384434956396241, 0.01274602182396628, 0.012887755267112111, 0.012333470647166334, 0.041171838346458156, 0.042172384467895674, 0.043648743415771574, 0.012550792037293979, 0.031180718548499853, 0.03777475542616776, 0.03247452543943191, 0.0249264209308398, 0.05106555276907848, 0.012971561287382027, 0.013271963099401873, 0.012860448979589656, 0.012634579479403885, 0.012815107718987362, 0.012290492466017822, 0.012485560712544752, 0.012493307216871419, 0.012503611851658547, 0.013398651273514417, 0.012566173190401153, 0.012466779504997916, 0.01249540309245073, 0.012678321969165351, 0.012557723951615973, 0.012464389716231261, 0.01236911878815089, 0.012412824477644746, 0.012531298848556693, 0.012823194254671988, 0.014278125764938976, 0.012793770204606758, 0.012456958891017667, 0.01249755713618833, 0.01333608214567733, 0.012582443410064925, 0.014066022130062528, 0.014281602012295835, 0.01451212236155136, 0.01517862738919501, 0.0147929758123852, 0.014799413279163398, 0.015161072422433641, 0.012603332725179495, 0.012531737859606096, 0.013046390605230995, 0.014927857950880419, 0.012568720619854867, 0.012563987959184286, 0.012888378720329274, 0.013987651732853157, 0.01422330064646754, 0.013589712833480927, 0.014261296770428367, 0.013110071280690139, 0.013076937457154603, 0.013104758088214152, 0.012284651202550012, 0.012381597736222105, 0.01349200563924563, 0.013951819679329958, 0.01502538210715737, 0.012698212612686721, 0.013048164267630502, 0.013534516229862847, 0.013051791752934305, 0.012855493168789922, 0.012598622532383363, 0.013713610336097581, 0.012670542979029198, 0.012339960596625288, 0.013007726164427968, 0.027714744001734293, 0.027628550832592802, 0.028924039566639526, 0.028366184228439895, 0.012411057203925269, 0.014629684097570761, 0.01291632130044501, 0.01319632183685887, 0.012204105151814193, 0.012523233128253042, 0.013891249111645798, 0.01412480890629425, 0.012511498041616165, 0.012227675180822295, 0.012357160942695844, 0.012470707516986035],