{"errorExec": {"Process": "OK"}, "Performance": {"r_score": 0.92453990133909947, "predict_values": [0.007417454518537274, 0.008100945998544521, 0.375303350019, 0.039076908275783626, 0.043149068626883544, 0.23946115536657145, 0.007291543295800084, 0.007291543295800084, 0.031304324506117275, 0.031304324506117275, 0.007417454518537274, 0.007417454518537274, 0.033540214954418494, 0.007291543295800084, 0.007291543295800084, 0.007291543295800084, 0.031304324506117275, 0.031304324506117275, 0.031304324506117275, 0.042691723189265236, 0.042691723189265236, 0.033540214954418494, 0.042691723189265236, 0.039076908275783626, 0.03629360070529838, 0.042691723189265236, 0.007417454518537274, 0.23946115536657145, 0.23062292303551846, 0.24696154658946676, 0.12040802317692859, 0.24696154658946676, 0.24771806838646143, 0.12040802317692859, 0.23062292303551846, 0.007291543295800084, 0.007291543295800084, 0.09735368326698216, 0.0545137109319229, 0.09735368326698216, 0.0545137109319229, 0.02599646832767268, 0.007291543295800084, 0.007291543295800084, 0.007291543295800084, 0.007417454518537274, 0.02599646832767268, 0.007291543295800084, 0.007417454518537274, 0.007291543295800084, 0.007291543295800084, 0.042691723189265236, 0.04931483437675001, 0.031304324506117275, 0.02506521206295, 0.032486040514395846, 0.032486040514395846, 0.03629360070529838, 0.042691723189265236, 0.007417454518537274, 0.043149068626883544, 0.033540214954418494, 0.033540214954418494, 0.042691723189265236, 0.03662070574807038, 0.042691723189265236, 0.007291543295800084, 0.007291543295800084, 0.007291543295800084, 0.007291543295800084, 0.007291543295800084, 0.042691723189265236, 0.042691723189265236, 0.042691723189265236, 0.042691723189265236, 0.042691723189265236, 0.007291543295800084, 0.007291543295800084, 0.007291543295800084, 0.007417454518537274, 0.007417454518537274, 0.007417454518537274, 0.007417454518537274, 0.007291543295800084, 0.007291543295800084, 0.026067597639505186, 0.007417454518537274, 0.026067597639505186, 0.007291543295800084, 0.007291543295800084, 0.007417454518537274, 0.007291543295800084, 0.007291543295800084, 0.007291543295800084, 0.007291543295800084, 0.007291543295800084, 0.007417454518537274, 0.031304324506117275, 0.007291543295800084, 0.007291543295800084, 0.007291543295800084, 0.033540214954418494, 0.10994055287060665, 0.10994055287060665, 0.10994055287060665, 0.10994055287060665, 0.10994055287060665, 0.007291543295800084, 0.007291543295800084, 0.007291543295800084, 0.007291543295800084, 0.007291543295800084, 0.007291543295800084, 0.007417454518537274, 0.03629360070529838, 0.09735368326698216, 0.03629360070529838, 0.09735368326698216, 0.03629360070529838, 0.03629360070529838, 0.026067597639505186, 0.11689172789277973, 0.007417454518537274, 0.11689172789277973, 0.10994055287060665, 0.033540214954418494, 0.036679310073955106, 0.14405625668979047, 0.03629360070529838, 0.10872040234871054, 0.042691723189265236, 0.007417454518537274, 0.03629360070529838, 0.03629360070529838, 0.007291543295800084, 0.007417454518537274, 0.043149068626883544, 0.031304324506117275, 0.03662070574807038, 0.036679310073955106, 0.042691723189265236, 0.036679310073955106, 0.042691723189265236, 0.050853053857373355, 0.036679310073955106, 0.04931483437675001, 0.039076908275783626, 0.03662070574807038, 0.007291543295800084, 0.007291543295800084, 0.007291543295800084, 0.007291543295800084, 0.007291543295800084, 0.007291543295800084, 0.007291543295800084, 0.007291543295800084, 0.026067597639505186, 0.007417454518537274, 0.031304324506117275, 0.007417454518537274, 0.007417454518537274, 0.007417454518537274, 0.039076908275783626, 0.007291543295800084, 0.007291543295800084, 0.007417454518537274, 0.007291543295800084, 0.007291543295800084, 0.007291543295800084, 0.11689172789277973, 0.11689172789277973, 0.11689172789277973, 0.007291543295800084, 0.08500555188409677, 0.042691723189265236, 0.042691723189265236, 0.043149068626883544, 0.21227586994694997, 0.007291543295800084, 0.007417454518537274, 0.007291543295800084, 0.007291543295800084, 0.007291543295800084, 0.007291543295800084, 0.031304324506117275, 0.031304324506117275, 0.026067597639505186, 0.007291543295800084, 0.007291543295800084, 0.007291543295800084, 0.007291543295800084, 0.007291543295800084, 0.007291543295800084, 0.007291543295800084, 0.007291543295800084, 0.007291543295800084, 0.007291543295800084, 0.007291543295800084, 0.007291543295800084, 0.007291543295800084, 0.007291543295800084, 0.007291543295800084, 0.007291543295800084, 0.007291543295800084, 0.007417454518537274, 0.007417454518537274, 0.015164903105940002, 0.007417454518537274, 0.007417454518537274, 0.015164903105940002, 0.007291543295800084, 0.007291543295800084, 0.007291543295800084, 0.007291543295800084, 0.007417454518537274, 0.007291543295800084, 0.007291543295800084, 0.007291543295800084, 0.007417454518537274, 0.007417454518537274, 0.007417454518537274, 0.007291543295800084, 0.007417454518537274, 0.007291543295800084, 0.007291543295800084, 0.007291543295800084, 0.007291543295800084, 0.007291543295800084, 0.007291543295800084, 0.007417454518537274, 0.007291543295800084, 0.007417454518537274, 0.007417454518537274, 0.007291543295800084, 0.007291543295800084, 0.007291543295800084, 0.007291543295800084, 0.007291543295800084, 0.007291543295800084, 0.007291543295800084, 0.03629360070529838, 0.039076908275783626, 0.039076908275783626, 0.039076908275783626, 0.007291543295800084, 0.007417454518537274, 0.007291543295800084, 0.007291543295800084, 0.007291543295800084, 0.007291543295800084, 0.007417454518537274, 0.007417454518537274, 0.007291543295800084, 0.007291543295800084, 0.007291543295800084, 0.007291543295800084],