{"errorExec": {"Process": "OK"}, "Performance": {"r_score": 0.89923707290048316, "predict_values": [0.006302059446479999, 0.00961817886038, 0.247494780907, 0.0701659719745, 0.07733402752967858, 0.259763517085, 0.002934470102811667, 0.002934470102811667, 0.027473334454725, 0.03973986186355, 0.011545656542949999, 0.019590345588800004, 0.040012744581449995, 0.010788201156737499, 0.002263047016525, 0.0026946924631135, 0.02432468455325, 0.02432468455325, 0.0, 0.01839542850692083, 0.039054016665700006, 0.01518141773915, 0.0214042878353, 0.0544260679029375, 0.01989768291025, 0.020985706334, 0.0164737668280325, 0.258709676083, 0.210175693802, 0.236279885731, 0.09562407774965001, 0.12889263573100002, 0.268559619583, 0.11456735868842857, 0.210175693802, 0.003574791612386667, 0.00421360103302, 0.09944295570299999, 0.090492146825, 0.09944295570299999, 0.09563588484930001, 0.0313554639082, 0.00178861981667, 0.00156700925758625, 0.00156700925758625, 0.015031373118495001, 0.02815864802235, 0.0139116400115125, 0.014536961217395002, 0.0010264106523535, 0.001386159628525, 0.04015708111948333, 0.0561270427965, 0.06284906941294999, 0.1298817585425, 0.0, 0.0, 0.0, 0.0160190883271, 0.014489877397179999, 0.04876317640049999, 0.033670898406449996, 0.037201143476625, 0.027215185106900002, 0.0146754219873, 0.0279422251626, 0.0140304754855, 0.018708634443495, 0.00134103916727875, 0.0015187218018290001, 0.0010279609721950001, 0.0233085001373, 0.03064562421255, 0.07733402752967858, 0.07095701233952857, 0.03064562421255, 0.005739711981215, 0.002934470102811667, 0.00362075043738, 0.0070315525399, 0.007209446693412501, 0.007209446693412501, 0.007209446693412501, 0.0, 0.002224330694865, 0.01712848607411, 0.0029015082400199997, 0.01712848607411, 0.001467991095876667, 0.0, 0.0038926112105449997, 0.004204165791111667, 0.001467991095876667, 0.0019182116832950002, 0.0119159943977, 0.00715984066539, 0.0143791246721625, 0.05792796828235, 0.0009032779605023333, 0.0009611225978825, 0.0021399143246738335, 0.0544303830376, 0.1194610512535, 0.11887795164349999, 0.11830342377599999, 0.1194610512535, 0.1287575918385, 0.006771276728176, 0.001666972860291, 0.002226682480775, 0.0038865901086600004, 0.00402451251368, 0.0031868872247292498, 0.009889514432981666, 0.051799157, 0.11830342377599999, 0.0642790025832, 0.11830342377599999, 0.05481804682595, 0.0523669820729, 0.0294654542267, 0.1103702805632, 0.015573034656583336, 0.1332056552545, 0.11830342377599999, 0.03603004997325, 0.034416682421599995, 0.179086816222, 0.027843095032599997, 0.140600280911, 0.0667684934935, 0.0022774886821675, 0.06284906941294999, 0.038920974139300006, 0.0019331089383500004, 0.003027659967546667, 0.07693496242539999, 0.03052935497495, 0.06731396630419999, 0.048117545337849996, 0.034031047175599995, 0.028595347303500003, 0.024967805901099996, 0.0616435351705, 0.049407588637650005, 0.0537473234662, 0.01839542850692083, 0.014122279469999999, 0.0016897902565716667, 0.0025154612130945, 0.00148597887857725, 0.001631535518019909, 0.0025619196746484094, 0.0010880103594334998, 0.0020880311217679167, 0.006395295344347499, 0.02113467532332, 0.0188304849670075, 0.02113467532332, 0.011516326256, 0.018400883818695, 0.0188304849670075, 0.0486493691065, 0.0006244741821447, 0.00043291619225383334, 0.0, 0.008880134259025, 0.004861783589047999, 0.0037620867073428575, 0.09583378426525, 0.10209414718399999, 0.08846030084600001, 0.001220466923625973, 0.11495499836242859, 0.07618772051549999, 0.05648305732445, 0.07452896436204999, 0.159492546843, 0.0034612918102849997, 0.007216649817095, 0.0037198372214942857, 0.0037198372214942857, 0.0037198372214942857, 0.00243986776552913, 0.0344475301786, 0.035580816719775, 0.025563416141399998, 0.0, 0.0022568353640796592, 0.0022568353640796592, 0.0022568353640796592, 0.0022568353640796592, 0.0022568353640796592, 0.0048809690771347, 0.005939116657660001, 0.0048809690771347, 0.0059193007573714995, 0.006320433401215001, 0.009106591501691668, 0.008344984189686667, 0.0, 0.002226682480775, 0.0, 0.0, 0.0046145724516975, 0.0049837158749275, 0.0239432573191, 0.022332627804495, 0.014408815829, 0.0263055074093, 0.01342829458085, 0.008641412063925002, 0.005939116657660001, 0.010788201156737499, 0.013260492591600002, 0.007711271637676667, 0.007711271637676667, 0.010788201156737499, 0.016838143059775004, 0.0105604105197225, 0.010185169419144999, 0.00338245272676, 0.010185169419144999, 0.001997150438164167, 0.0126114489771, 0.001220466923625973, 0.0011932422712807728, 0.0, 0.0, 0.006680772108125, 0.00129717353139595, 0.0105604105197225, 0.009967968352873334, 0.0133069035565, 0.0014266649924450001, 0.00156700925758625, 0.005253586673656666, 0.0034612918102849997, 0.00345149875287, 0.0024399615419508336, 0.0304634257975, 0.024742846028816667, 0.0172695110393, 0.024742846028816667, 0.00387567750671, 0.0052917152153025004, 0.0, 0.0009719704460741667, 0.00243986776552913, 0.005472349390470001, 0.010554312842375, 0.0046145724516975, 0.00421360103302, 0.001220466923625973, 0.004606706155535, 0.0012235512471612726],