{"silhouette_score": 0.48182978082283351, "membersGroup": {"Group1": 18, "Group0": 238}, "Params": {"Number K": "2"}, "calinski_harabaz_score": 49.381384580305088, "algorithm": "Birch"}