{"silhouette_score": 0.49354488945077218, "membersGroup": {"Group1": 179, "Group0": 18, "Group3": 31, "Group2": 28}, "Params": {"Number K": "4"}, "calinski_harabaz_score": 174.22604669653776, "algorithm": "Birch"}