{"errorExec": {"Process": "OK"}, "Performance": {"r_score": 0.99999469633062965, "predict_values": [0.006302059446479999, 0.0031111562645933337, 0.375303350019, 0.0701659719745, 0.114911624692, 0.259763517085, 0.0029912295858250003, 0.0029912295858250003, 0.0194653560955, 0.025049340689500002, 0.01259905215205, 0.01608204014, 0.0312623127624, 0.0103195713043, 0.00341399626484, 0.001039237409349, 0.0, 0.0, 0.0, 0.01841626526, 0.0314482958903, 0.0051176861065900005, 0.0214042878353, 0.018102877688099997, 0.0248802932149, 0.0205671248327, 0.013900173005600001, 0.258709676083, 0.210175693802, 0.236279885731, 0.16603544306, 0.25778527146200003, 0.268559619583, 0.114262028138, 0.210175693802, 0.004644204772655, 0.0037176569078683336, 0.09928745922509999, 0.090492146825, 0.09928745922509999, 0.09563588484930001, 0.0313554639082, 0.0020290137533792853, 0.0020290137533792853, 0.0020290137533792853, 0.0239969526816, 0.0351762278144, 0.0172223143831, 0.023008128879400003, 0.00111209776821, 0.0010319241542845, 0.01841626526, 0.0561270427965, 0.0051176861065900005, 0.0, 0.0, 0.0, 0.0, 0.0, 0.0259159593718, 0.04876317640049999, 0.0311143252515, 0.03565733162943333, 0.027215185106900002, 0.015228564504599999, 0.0279422251626, 0.0140304754855, 0.01885841746795, 0.0020290137533792853, 0.0020290137533792853, 0.0020290137533792853, 0.025212712439299997, 0.0320381766542, 0.0397953658205, 0.027041335440199998, 0.029253071770900002, 0.00455684034186, 0.00230652443962, 0.0025214736723200002, 0.007174061925236667, 0.007174061925236667, 0.007321714810910001, 0.007174061925236667, 0.0, 0.0, 0.008709729416069999, 0.0029015082400199997, 0.0103195713043, 0.0, 0.0, 0.004644204772655, 0.0032140658543599997, 0.0, 0.0, 0.0119159943977, 0.00715984066539, 0.0031111562645933337, 0.0037415461945100002, 0.001039237409349, 0.001039237409349, 0.0010319241542845, 0.0544303830376, 0.1194610512535, 0.12270510910900001, 0.138290882418, 0.1194610512535, 0.139211759901, 0.0018621015136900002, 0.0018621015136900002, 0.0014737315206966664, 0.00606579355539, 0.00402451251368, 0.0052504986335, 0.00837284130869, 0.051799157, 0.11830342377599999, 0.0642790025832, 0.124381271438, 0.0578369366519, 0.052934807145800004, 0.0200099343141, 0.14380559870100001, 0.0176987111559, 0.146958830998, 0.161367636999, 0.0202609429465, 0.0536760619024, 0.179086816222, 0.035425247118699994, 0.140600280911, 0.043044840162000005, 0.019270141349, 0.0370578027633, 0.038920974139300006, 0.0018621015136900002, 0.0031111562645933337, 0.07693496242539999, 0.03565733162943333, 0.06731396630419999, 0.042487767209499996, 0.034031047175599995, 0.014145854445, 0.024967805901099996, 0.0616435351705, 0.05016580816880001, 0.0536760619024, 0.01841626526, 0.014122279469999999, 0.00177841315562, 0.0014737315206966664, 0.00113583379134, 0.0020290137533792853, 0.0020290137533792853, 0.0010651773807595, 0.0025214736723200002, 0.00193351083322, 0.02115705049775, 0.01885841746795, 0.02115705049775, 0.011516326256, 0.018052471400200002, 0.01885841746795, 0.0486493691065, 0.0010651773807595, 0.0010651773807595, 0.0, 0.0045742781943449995, 0.0045742781943449995, 0.0037176569078683336, 0.0895734213465, 0.10209414718399999, 0.126158851047, 0.0013600053095800002, 0.11503730748600001, 0.061883294206, 0.06992127448689998, 0.046963781540099996, 0.159492546843, 0.006922583620569999, 0.00751071601362, 0.0037176569078683336, 0.0037176569078683336, 0.0037176569078683336, 0.0037176569078683336, 0.0332147397316, 0.03565733162943333, 0.031661476187299996, 0.0, 0.0020290137533792853, 0.0020290137533792853, 0.0020290137533792853, 0.0020290137533792853, 0.0020290137533792853, 0.008455313771488001, 0.008455313771488001, 0.008455313771488001, 0.010788474169399999, 0.00834446763452, 0.00983984987833, 0.00834446763452, 0.0, 0.0, 0.0, 0.0, 0.004693156316766666, 0.004693156316766666, 0.021970555266400002, 0.01885841746795, 0.01608204014, 0.0263055074093, 0.01259905215205, 0.008455313771488001, 0.008455313771488001, 0.0110833633678, 0.013283698074050002, 0.00983984987833, 0.00834446763452, 0.010601485489299999, 0.016710085952000003, 0.0143767174746, 0.027649519434599996, 0.00336811147977, 0.00253060025709, 0.00177841315562, 0.00177841315562, 0.0010651773807595, 0.0010651773807595, 0.0, 0.0, 0.0082444365133, 0.0013600053095800002, 0.0142975922233, 0.0179790095044, 0.013283698074050002, 0.0018621015136900002, 0.0020290137533792853, 0.0022444707373499998, 0.0014737315206966664, 0.0032140658543599997, 0.00496611545941, 0.0304634257975, 0.0222863449263, 0.0172695110393, 0.0222863449263, 0.0037446828383, 0.00336811147977, 0.0, 0.0, 0.0013900561441599999, 0.005472349390470001, 0.004961748392770001, 0.004693156316766666, 0.00421360103302, 0.00254043633245, 0.00205357164568, 0.0010651773807595],