Component,Variance
PCA 1,54.1037188153
PCA 2,21.5785036014
PCA 3,17.7288524413
PCA 4,3.2665435096
PCA 5,2.02842285788
PCA 6,0.460972269312
PCA 7,0.357701930221
PCA 8,0.206810277516
PCA 9,0.121876673483
PCA 10,0.0341859894297
PCA 11,0.0229915576631
PCA 12,0.0207127708969
PCA 13,0.0169874481872
PCA 14,0.00494256360302
PCA 15,0.00479111767651
