Performance,Mean,STD,Variance,MAX,MIN
R_Score,0.999997206991,2.17559188169e-06,4.73320003566e-12,1.0,0.999994696331
