{"silhouette_score": 0.57588187527156132, "membersGroup": {"Group1": 53, "Group0": 203}, "Params": {"Number K": "2"}, "calinski_harabaz_score": 215.92291850214175, "algorithm": "K Means"}